league,team,name_player,role,win,loses,kill,death,assist,kda,cs,csm,TotalGold,gold_per_m,goldshare,killp,kshare
LEC,G2 Esports,Mikyx,Support,11,2,0.92,4.15,12.08,3.13,61.46,1.78,9000.0,261,0.134,0.6709999999999999,0.048
LEC,Rogue (European Team),Trymbi,Support,11,2,0.62,2.85,10.31,3.84,47.46,1.39,8300.0,243,0.128,0.67,0.038
LEC,MAD Lions,Kaiser,Support,8,5,1.15,2.92,9.69,3.71,43.69,1.38,7700.0,245,0.133,0.746,0.079
LEC,SK Gaming,Treatz,Support,8,5,1.08,2.85,10.38,4.03,31.15,0.97,7600.0,236,0.132,0.847,0.08
LEC,Fnatic,Hylissang,Support,7,6,0.54,5.46,9.77,1.89,34.85,1.16,7300.0,241,0.13,0.609,0.032
LEC,FC Schalke 04 Esports,LIMIT,Support,5,8,0.69,3.08,6.54,2.35,61.62,1.79,8000.0,232,0.132,0.718,0.069
LEC,Excel Esports,Tore,Support,5,8,0.62,4.15,6.46,1.7,50.62,1.51,7500.0,224,0.134,0.736,0.064
LEC,Misfits Gaming,Vander,Support,5,8,0.85,3.15,8.08,2.83,33.62,1.03,7600.0,233,0.13,0.652,0.062
LEC,Astralis,promisq,Support,3,10,0.69,4.23,6.23,1.64,36.77,1.1,7400.0,221,0.134,0.647,0.065
LEC,Team Vitality,Labrov,Support,2,11,0.62,4,5.62,1.56,35.77,1,7600.0,213,0.128,0.6809999999999999,0.067
LEC,Rogue (European Team),Odoamne,Top,11,2,1.92,1.23,7.08,7.31,275.23,8.06,13000.0,380,0.201,0.552,0.11800000000000001
LEC,G2 Esports,Wunder,Top,11,2,2.77,2.92,8.77,3.95,274.08,7.92,13600.0,394,0.203,0.595,0.14300000000000002
LEC,MAD Lions,Armut,Top,8,5,3.62,2.31,4.46,3.5,245.54,7.78,12500.0,397,0.215,0.556,0.249
LEC,SK Gaming,Jenax,Top,8,5,2.92,1.85,5.62,4.63,249.54,7.73,12100.0,374,0.209,0.631,0.21600000000000003
LEC,Rogue (European Team),Hans sama,Bot,11,2,6.23,1.62,5.92,7.52,309,9.05,15900.0,465,0.245,0.745,0.382
LEC,Fnatic,Bwipo,Top,7,6,4,3.69,5.54,2.58,223.85,7.45,11800.0,391,0.21,0.564,0.23600000000000002
LEC,FC Schalke 04 Esports,BrokenBlade,Top,5,8,1.62,2.54,3.92,2.18,285.46,8.3,13100.0,382,0.218,0.55,0.16
LEC,Misfits Gaming,HiRit,Top,5,8,2.38,2.69,4.77,2.66,251.85,7.71,12100.0,372,0.207,0.522,0.174
LEC,G2 Esports,Rekkles,Bot,11,2,6.23,1,8,14.23,306.31,8.85,16200.0,468,0.24100000000000002,0.7340000000000001,0.321
LEC,MAD Lions,Carzzy,Bot,8,5,2.92,3.23,7.08,3.1,262.54,8.32,12800.0,404,0.21899999999999997,0.688,0.201
LEC,SK Gaming,Jezu,Bot,8,5,4.62,2.15,5.54,4.71,270.23,8.37,13000.0,402,0.225,0.75,0.341
LEC,Excel Esports,Kryze,Top,5,8,1.92,2,4.46,3.19,248.85,7.42,11800.0,351,0.209,0.664,0.2
LEC,Astralis,WhiteKnight,Top,3,10,2.15,3.15,4.38,2.07,226.62,6.81,11200.0,336,0.203,0.612,0.201
LEC,Team Vitality,Szygenda,Top,2,11,1.23,2.69,3.77,1.86,259.85,7.25,12200.0,339,0.203,0.546,0.134
LEC,Fnatic,Upset,Bot,7,6,5.46,1.85,5.85,6.13,274.31,9.13,13700.0,456,0.245,0.6679999999999999,0.32299999999999995
LEC,Misfits Gaming,Kobbe,Bot,5,8,3.38,1.62,4.62,4.95,292.62,8.96,13800.0,422,0.235,0.584,0.247
LEC,FC Schalke 04 Esports,Neon,Bot,5,8,3.92,2.31,3.46,3.2,289.31,8.41,14300.0,415,0.237,0.733,0.389
LEC,Excel Esports,Patrik,Bot,5,8,3.31,3,4.23,2.51,283.92,8.47,13500.0,403,0.24,0.784,0.344
LEC,Astralis,Jeskla,Bot,3,10,3.62,3,3.31,2.31,301.69,9.06,13600.0,409,0.247,0.647,0.33799999999999997
LEC,Team Vitality,Comp,Bot,1,6,2,2.86,3,1.75,353.86,9.61,15300.0,415,0.247,0.583,0.233
LEC,Team Vitality,Crownshot,Bot,1,5,3.67,2.67,3.17,2.56,350.5,10.11,15200.0,439,0.263,0.695,0.373
LCK,DRX,Becca,Support,17,16,0.73,3.27,7.03,2.37,42.64,1.26,7800.0,229,0.129,0.6920000000000001,0.065
LCK,T1,Keria,Support,17,16,0.91,2.88,7.82,3.03,41.61,1.28,7700.0,238,0.132,0.6990000000000001,0.073
LCK,Hanwha Life Esports,Vsta,Support,18,13,0.9,3.1,8.94,3.18,32.35,1.02,7500.0,235,0.127,0.659,0.06
LCK,Gen.G,Life,Support,21,9,0.67,2.5,7.2,3.15,30.43,0.94,7500.0,231,0.12300000000000001,0.584,0.05
LCK,KT Rolster,Zzus,Support,14,16,0.47,3.37,8,2.51,34.97,1,7700.0,221,0.12300000000000001,0.672,0.037000000000000005
LCK,Nongshim RedForce,Kellin,Support,11,19,0.53,3.23,6.97,2.32,34.1,1.07,7000.0,220,0.128,0.684,0.049
LCK,DWG KIA,BeryL,Support,22,7,1.07,3.62,9.17,2.83,52.86,1.55,8600.0,252,0.134,0.6859999999999999,0.07200000000000001
LCK,Afreeca Freecs,Lehends,Support,13,16,0.69,3.07,7.52,2.67,40.21,1.18,7900.0,232,0.131,0.682,0.057
LCK,Fredit BRION,Delight,Support,10,17,0.52,2.81,7.07,2.7,37.78,1.13,7400.0,220,0.129,0.785,0.054000000000000006
LCK,Liiv SANDBOX,Effort,Support,6,20,0.58,3.88,6.27,1.76,37.12,1.13,7100.0,216,0.125,0.616,0.052000000000000005
LCK,DRX,BAO,Bot,17,16,4.33,2.12,3.21,3.56,313.94,9.27,14500.0,429,0.24,0.6729999999999999,0.386
LCK,Hanwha Life Esports,Deft,Bot,18,13,4.61,2.45,5.03,3.93,291.16,9.13,13800.0,433,0.235,0.6459999999999999,0.309
LCK,Gen.G,Ruler,Bot,21,9,3.8,1.6,3.97,4.85,347.33,10.76,15100.0,466,0.249,0.5770000000000001,0.282
LCK,KT Rolster,HyBriD,Bot,14,16,4.43,2.27,3.23,3.38,332.3,9.49,15100.0,432,0.24100000000000002,0.608,0.35200000000000004
LCK,DRX,Kingen,Top,17,16,1.97,2.48,5.39,2.96,260.15,7.68,12900.0,380,0.213,0.657,0.17600000000000002
LCK,Nongshim RedForce,deokdam,Bot,11,19,4.43,2.2,2.87,3.32,297.13,9.32,13700.0,431,0.252,0.6659999999999999,0.40399999999999997
LCK,DWG KIA,Ghost,Bot,22,7,4.9,1.79,5.28,5.67,309.83,9.07,15400.0,450,0.23800000000000002,0.6809999999999999,0.32799999999999996
LCK,Afreeca Freecs,Bang,Bot,13,16,3.45,1.9,3.76,3.8,305.97,8.99,14100.0,415,0.235,0.599,0.287
LCK,Gen.G,Rascal,Top,21,9,2.9,2.27,5.03,3.5,287.3,8.9,13600.0,422,0.225,0.589,0.215
LCK,KT Rolster,Doran,Top,14,16,2.33,2.77,5.57,2.86,299.7,8.56,13900.0,397,0.222,0.627,0.185
LCK,Fredit BRION,Hena,Bot,10,17,3.63,2.15,4.15,3.62,340.59,10.17,14700.0,439,0.257,0.805,0.375
LCK,T1,Gumayusi,Bot,10,11,4.48,1.9,3.62,4.25,330.86,10.34,14700.0,458,0.256,0.711,0.39299999999999996
LCK,T1,Teddy,Bot,7,5,3.83,2.5,6,3.93,309.92,9.26,14800.0,442,0.24,0.682,0.266
LEC,Rogue (European Team),Inspired,Jungle,11,2,3.15,1.54,7.23,6.75,218.38,6.4,12100.0,354,0.187,0.637,0.193
LCK,Nongshim RedForce,Rich,Top,11,19,1.93,3.1,4.57,2.1,229.13,7.19,11100.0,347,0.203,0.593,0.17600000000000002
LCK,DWG KIA,Khan,Top,22,7,2,2.41,7.1,3.77,258.83,7.58,13000.0,382,0.20199999999999999,0.61,0.134
LCK,Afreeca Freecs,Kiin,Top,13,16,2.1,2.76,5.03,2.59,277.55,8.15,12900.0,380,0.215,0.593,0.175
LCK,Liiv SANDBOX,Route,Bot,3,8,2.91,2.36,3.91,2.88,295.36,8.98,13100.0,399,0.23,0.605,0.258
LCK,Liiv SANDBOX,Leo,Bot,3,6,2.89,2.67,3.44,2.38,295.56,8.95,13500.0,409,0.23199999999999998,0.504,0.23
LCK,Liiv SANDBOX,Prince,Bot,0,6,1.83,3,3.83,1.89,287,8.94,12300.0,383,0.22899999999999998,0.654,0.212
LEC,G2 Esports,Jankos,Jungle,11,2,5.38,2.23,6.54,5.34,227.62,6.58,13400.0,387,0.19899999999999998,0.615,0.278
LEC,MAD Lions,Elyoya,Jungle,8,5,4.31,2.31,6.38,4.63,203,6.43,11900.0,377,0.205,0.735,0.29600000000000004
LEC,SK Gaming,TynX,Jungle,8,5,2.62,1.77,6.92,5.39,206.77,6.41,11600.0,358,0.2,0.705,0.193
LCK,Fredit BRION,Hoya,Top,10,17,1.11,2.44,4.33,2.23,244.52,7.3,11100.0,331,0.19399999999999998,0.563,0.115
LCK,Liiv SANDBOX,Summit,Top,6,20,2.58,3.04,4.54,2.34,262.92,8.03,12300.0,377,0.218,0.64,0.23199999999999998
LCK,Hanwha Life Esports,Morgan,Top,17,6,2.26,2.04,7.04,4.55,248.52,7.69,12300.0,379,0.2,0.56,0.136
LEC,Fnatic,Selfmade,Jungle,7,6,4.15,2.92,6.46,3.63,200.69,6.68,11400.0,380,0.205,0.627,0.245
LEC,Excel Esports,Dan,Jungle,5,8,2.08,2.77,4.38,2.33,193.62,5.78,10800.0,321,0.191,0.672,0.21600000000000003
LEC,FC Schalke 04 Esports,Gilius,Jungle,5,8,1.23,3.08,5.62,2.23,194.62,5.66,10800.0,314,0.18,0.679,0.122
LCK,T1,Zeus,Top,10,7,2.24,2.65,5.29,2.84,234.82,7.58,11500.0,370,0.204,0.601,0.17800000000000002
LCK,T1,Canna,Top,7,9,2.38,3.06,4.56,2.27,280.44,8.21,13200.0,388,0.215,0.5579999999999999,0.191
LCK,Hanwha Life Esports,DuDu,Top,1,7,2.75,2.5,2.88,2.25,256.88,8.38,11900.0,387,0.226,0.556,0.272
LEC,Misfits Gaming,Razork,Jungle,5,8,4.08,3.23,5.62,3,208.54,6.39,12000.0,367,0.204,0.708,0.298
LEC,Astralis,Zanzarah,Jungle,3,10,1.69,3.54,5.08,1.91,175.62,5.27,10100.0,305,0.184,0.633,0.158
LEC,Team Vitality,Skeanz,Jungle,2,11,2.77,1.85,3.77,3.54,209.08,5.83,11600.0,324,0.193,0.7140000000000001,0.303
LCK,DRX,SOLKA,Mid,17,16,1.7,1.79,5.97,4.29,292.91,8.65,12700.0,374,0.21,0.684,0.151
LCK,Hanwha Life Esports,Chovy,Mid,18,13,3.81,1.9,6.45,5.39,319.06,10.01,14500.0,454,0.24600000000000002,0.687,0.255
LCK,Nongshim RedForce,Bay,Mid,11,19,1.37,2.57,5.4,2.64,259.83,8.15,11400.0,358,0.209,0.617,0.125
LCK,DWG KIA,ShowMaker,Mid,22,7,3.62,1.86,6.59,5.48,310.07,9.08,14400.0,423,0.22399999999999998,0.684,0.242
LCK,Afreeca Freecs,Fly,Mid,13,16,2,2.45,5.86,3.21,281.79,8.28,12800.0,375,0.212,0.653,0.166
LCK,Gen.G,Bdd,Mid,20,7,3.07,1.63,5.67,5.36,288,8.95,13000.0,405,0.215,0.618,0.217
LCK,Liiv SANDBOX,FATE,Mid,6,20,2.92,1.96,5.54,4.31,295.85,9.03,13100.0,401,0.23199999999999998,0.7609999999999999,0.263
LCK,KT Rolster,Ucal,Mid,10,14,3.08,2.29,5.58,3.78,331.92,9.42,14500.0,410,0.23,0.66,0.235
LCK,Fredit BRION,Lava,Mid,8,15,1.87,2.13,5.78,3.59,295.48,8.66,13000.0,380,0.222,0.7859999999999999,0.192
LCK,T1,Clozer,Mid,10,9,2.58,2.58,5.32,3.06,303.21,9.15,13500.0,406,0.221,0.602,0.19699999999999998
LCK,T1,Faker,Mid,7,7,2.5,1.79,5.29,4.36,261.79,8.26,12200.0,384,0.217,0.669,0.215
LEC,G2 Esports,Caps,Mid,11,2,4.08,1.92,7.69,6.12,306.62,8.86,15000.0,435,0.22399999999999998,0.607,0.21
LEC,Rogue (European Team),Larssen,Mid,11,2,4.38,1,6.77,11.15,327.62,9.59,15500.0,452,0.239,0.684,0.26899999999999996
LCK,KT Rolster,Dove,Mid,4,2,2.5,2,4.33,3.42,314.5,9.21,13800.0,405,0.22,0.6509999999999999,0.23800000000000002
LCK,Gen.G,Karis,Mid,1,2,0.67,2,2.67,1.67,288.33,8.66,11800.0,356,0.20199999999999999,0.455,0.091
LCK,Fredit BRION,Yaharong,Mid,2,0,5,0.5,7.5,25,305,8.8,14300.0,411,0.221,0.735,0.294
LEC,SK Gaming,Blue,Mid,8,5,2.31,2.08,6.46,4.22,304.08,9.42,13500.0,418,0.23399999999999999,0.648,0.17
LEC,MAD Lions,Humanoid,Mid,8,5,2.54,3.54,6.92,2.67,291.08,9.22,13300.0,420,0.228,0.6509999999999999,0.175
LCK,Fredit BRION,Chieftain,Mid,0,2,0.5,4,0.5,0.25,194,7.76,7900.0,316,0.225,0.667,0.33299999999999996
LCS,Cloud9,Fudge,Top,10,2,2.75,1.58,7.17,6.26,218.25,7.24,11400.0,379,0.196,0.551,0.153
LCS,TSM,Huni,Top,8,4,1.92,2.25,6.33,3.67,262.42,7.66,13200.0,385,0.21,0.6779999999999999,0.158
LEC,Fnatic,Nisqy,Mid,7,6,2.77,3,7.62,3.46,242.08,8.05,11700.0,391,0.21,0.614,0.16399999999999998
LEC,FC Schalke 04 Esports,Abbedagge,Mid,5,8,2.62,2.46,4.38,2.84,314.54,9.14,14000.0,407,0.23199999999999998,0.695,0.26
LEC,Excel Esports,Czekolad,Mid,5,8,1.69,3.23,4.62,1.95,289.23,8.63,12700.0,380,0.226,0.6559999999999999,0.17600000000000002
LCS,100 Thieves,Ssumday,Top,8,4,2.25,3.33,5.33,2.28,305.92,8.19,14400.0,387,0.215,0.562,0.16699999999999998
LCS,Team Liquid,Alphari,Top,7,5,3.25,1.5,5.58,5.89,255.92,8.24,12800.0,412,0.22399999999999998,0.6709999999999999,0.247
LCS,Dignitas,FakeGod,Top,7,5,2.25,2.58,5.92,3.16,231.75,7.39,11800.0,375,0.20800000000000002,0.5760000000000001,0.159
LEC,Misfits Gaming,Vetheo,Mid,5,8,3,2.54,4.62,3,298.23,9.14,13200.0,403,0.22399999999999998,0.556,0.21899999999999997
LEC,Team Vitality,Milica,Mid,2,11,1.77,1.77,4,3.26,301.31,8.41,13300.0,371,0.222,0.63,0.193
LEC,Astralis,nukeduck,Mid,1,6,2.14,3.43,4.43,1.92,291,8.18,13000.0,365,0.226,0.708,0.231
LCS,Cloud9,Vulcan,Support,10,2,0.75,3.33,10.67,3.43,31,1.03,7400.0,246,0.127,0.634,0.042
LCS,100 Thieves,huhi,Support,8,4,1.17,3.42,9.17,3.02,97.5,2.61,9800.0,261,0.145,0.765,0.086
LCS,Evil Geniuses.NA,Impact,Top,7,5,3.17,3.42,7.5,3.12,244.42,6.93,12800.0,363,0.205,0.6990000000000001,0.20800000000000002
LCS,Immortals,Revenge,Top,5,7,1.75,2.58,5.17,2.68,258.83,7.74,12200.0,366,0.213,0.638,0.162
LEC,Astralis,MagiFelix,Mid,2,4,3,2.33,3.67,2.86,288.33,9.41,12500.0,407,0.239,0.541,0.243
LCS,TSM,SwordArt,Support,8,4,0.42,3.08,7.83,2.68,41.83,1.22,8200.0,238,0.13,0.6779999999999999,0.034
LCS,Dignitas,aphromoo,Support,7,5,1.08,1.92,9.67,5.61,42.58,1.36,7700.0,246,0.13699999999999998,0.759,0.076
LCS,FlyQuest,Licorice,Top,4,8,2.67,3.08,3.58,2.03,262,7.78,12200.0,364,0.213,0.524,0.22399999999999998
LCS,Counter Logic Gaming,Finn,Top,2,10,2.33,2.67,5.25,2.84,266.08,7.24,13000.0,355,0.209,0.645,0.19899999999999998
LCS,Golden Guardians,Niles,Top,2,10,0.67,4.92,3.92,0.93,235.67,6.81,11500.0,332,0.20199999999999999,0.6709999999999999,0.098
LCS,Team Liquid,CoreJJ,Support,7,5,0.75,2.17,8.33,4.19,52.58,1.69,7800.0,250,0.136,0.69,0.057
LCS,Evil Geniuses.NA,IgNar,Support,7,5,0.67,2.92,8.5,3.14,50.42,1.43,8200.0,233,0.132,0.601,0.044000000000000004
LCS,Immortals,Destiny,Support,5,7,0.42,2.42,6.83,3,67.92,2.03,7700.0,231,0.134,0.669,0.038
LCS,FlyQuest,Diamond,Support,4,8,0.92,3,5.5,2.14,64.58,1.92,7800.0,233,0.136,0.5379999999999999,0.077
LCS,Golden Guardians,Newbie,Support,2,10,0.67,2.42,5,2.34,32.83,0.95,7600.0,218,0.133,0.8290000000000001,0.098
LCS,Counter Logic Gaming,Smoothie,Support,2,10,0.58,3.17,8.42,2.84,34.5,0.94,7800.0,212,0.125,0.7659999999999999,0.05
LCK,DRX,Pyosik,Jungle,17,16,2.48,2.3,5.24,3.36,247.21,7.3,12600.0,372,0.209,0.6890000000000001,0.222
LCK,Nongshim RedForce,Peanut,Jungle,11,19,2.7,2.53,5.23,3.13,215.87,6.77,11400.0,357,0.20800000000000002,0.723,0.24600000000000002
LCK,DWG KIA,Canyon,Jungle,22,7,3.34,2.52,6.79,4.03,238.45,6.98,13000.0,380,0.20199999999999999,0.679,0.22399999999999998
LCK,Afreeca Freecs,Dread,Jungle,13,16,3.79,2.31,4.76,3.7,226.72,6.66,12400.0,365,0.207,0.711,0.315
LCK,Hanwha Life Esports,Arthur,Jungle,14,13,3.41,2.78,6.41,3.53,184.48,5.81,10900.0,342,0.18600000000000003,0.664,0.231
LCK,Fredit BRION,UmTi,Jungle,10,16,2.38,2.19,5.19,3.46,215,6.45,11200.0,337,0.19699999999999998,0.782,0.24600000000000002
LCK,Gen.G,Clid,Jungle,18,7,3.44,1.96,5.88,4.76,195.68,6.16,11600.0,364,0.192,0.675,0.249
LCK,Liiv SANDBOX,Croco,Jungle,6,16,2.5,2.77,5.41,2.85,191.77,5.91,10800.0,334,0.193,0.71,0.22399999999999998
LCK,T1,Ellim,Jungle,10,10,2,1.75,6,4.57,188.9,5.92,10500.0,329,0.182,0.672,0.168
LCK,KT Rolster,Blank,Jungle,9,8,2.59,2.41,6.88,3.93,208.24,5.8,11800.0,330,0.18,0.634,0.17300000000000001
LCK,T1,Oner,Jungle,5,4,3.33,2.67,6.22,3.58,221.44,6.93,12000.0,376,0.207,0.748,0.261
LCK,KT Rolster,GIDEON,Jungle,3,4,2,2.71,4.29,2.32,238.86,6.85,12100.0,347,0.19899999999999998,0.667,0.212
LCK,KT Rolster,Bonnie,Jungle,2,4,2.33,2.83,3.17,1.94,193.17,5.9,10800.0,331,0.191,0.569,0.24100000000000002
LCK,Gen.G,Flawless,Jungle,3,2,2.4,1.6,4.6,4.38,188,5.41,10900.0,314,0.177,0.593,0.203
LCK,Hanwha Life Esports,yoHan,Jungle,4,0,2,3,7.5,3.17,212.75,6.54,11600.0,358,0.18600000000000003,0.594,0.125
LCK,T1,Cuzz,Jungle,2,2,3,3,6.25,3.08,209.5,5.67,12300.0,333,0.185,0.627,0.203
LCK,Liiv SANDBOX,OnFleek,Jungle,0,4,1.75,3.25,4.5,1.92,219.25,6.38,11500.0,334,0.195,0.568,0.159
LCK,Fredit BRION,Chieftain,Jungle,0,1,3,4,6,2.25,250,6.6,12900.0,339,0.201,1.0,0.33299999999999996
LCS,Cloud9,Perkz,Mid,10,2,5.17,2.25,6.58,5.22,272.92,9.06,13600.0,452,0.233,0.653,0.287
LCS,100 Thieves,Damonte,Mid,8,4,1.92,3,7.92,3.28,301.75,8.08,14100.0,376,0.209,0.728,0.142
LCS,TSM,PowerOfEvil,Mid,8,4,3.5,2.33,3.5,3,333.08,9.72,14700.0,429,0.233,0.575,0.28800000000000003
LCS,Team Liquid,Jensen,Mid,7,5,2.42,1.75,6.58,5.14,275.33,8.86,12300.0,395,0.215,0.684,0.184
LCS,Evil Geniuses.NA,Jiizuke,Mid,7,5,4.08,2.92,6.25,3.54,315.17,8.94,14700.0,418,0.237,0.6779999999999999,0.268
LCS,Dignitas,Soligo,Mid,7,5,3.17,2.08,6.58,4.68,261.92,8.35,12400.0,395,0.21899999999999997,0.688,0.22399999999999998
LCS,Immortals,Insanity,Mid,5,7,3.25,1.42,4.5,5.47,313.25,9.37,13700.0,409,0.237,0.715,0.3
LCS,FlyQuest,Palafox,Mid,4,8,3,3.08,4.5,2.43,283,8.41,12700.0,378,0.221,0.629,0.252
LCS,Golden Guardians,Ablazeolive,Mid,2,10,1.92,3.83,2.17,1.07,287.5,8.31,12600.0,365,0.222,0.598,0.28
LCS,Counter Logic Gaming,rjs,Mid,1,8,2.89,3,5.11,2.67,300.11,8.15,13700.0,372,0.21899999999999997,0.6920000000000001,0.25
LCS,Counter Logic Gaming,Pobelter,Mid,1,2,2.67,4.33,4.67,1.69,317,8.69,14000.0,383,0.226,0.595,0.21600000000000003
LCS,Cloud9,Zven,Bot,10,2,4.5,1.92,6.83,5.91,279.25,9.27,13500.0,449,0.23199999999999998,0.63,0.25
LCS,100 Thieves,FBI,Bot,8,4,4.92,2.58,5.33,3.97,274.17,7.34,16000.0,428,0.23800000000000002,0.759,0.364
LCS,TSM,Lost,Bot,8,4,4.42,2.08,4.42,4.24,314,9.16,15200.0,444,0.242,0.726,0.363
LCS,Evil Geniuses.NA,Deftly,Bot,7,5,4,1.58,5.33,5.89,296.25,8.4,14300.0,406,0.23,0.612,0.262
LCS,Dignitas,Neo,Bot,7,5,4.58,1.83,6.08,5.82,251.58,8.03,13200.0,421,0.23399999999999999,0.753,0.324
LCS,Team Liquid,Tactical,Bot,7,5,3.83,2.33,5,3.79,267.75,8.62,13100.0,423,0.23,0.6709999999999999,0.29100000000000004
LCS,Immortals,Raes,Bot,5,7,2.83,2.42,4.25,2.93,253.83,7.59,12600.0,377,0.21899999999999997,0.654,0.262
LCS,FlyQuest,Johnsun,Bot,4,8,2.5,1.83,6.08,4.68,262.42,7.8,12900.0,384,0.225,0.72,0.21
LCS,Cloud9,Blaber,Jungle,10,2,4.83,2.08,8.5,6.4,219.08,7.27,12400.0,412,0.213,0.741,0.26899999999999996
LCS,100 Thieves,Closer,Jungle,8,4,3.25,2.67,6.33,3.59,227.58,6.09,12900.0,345,0.192,0.71,0.24100000000000002
LCS,Golden Guardians,Stixxay,Bot,2,10,2.25,2.58,2.83,1.97,327.17,9.46,13700.0,396,0.24100000000000002,0.7440000000000001,0.32899999999999996
LCS,Counter Logic Gaming,WildTurtle,Bot,2,10,4,3.75,4.17,2.18,352.42,9.59,16100.000000000002,438,0.258,0.695,0.34
LCS,TSM,Spica,Jungle,8,4,1.92,1.83,5.5,4.05,208.25,6.08,11700.0,341,0.18600000000000003,0.61,0.158
LCS,Dignitas,Dardoch,Jungle,7,5,3.08,2.42,6.75,4.07,201.75,6.44,11400.0,364,0.20199999999999999,0.6940000000000001,0.218
LCS,Team Liquid,Santorin,Jungle,7,5,2.92,2,5.83,4.38,202.5,6.52,11100.0,357,0.19399999999999998,0.665,0.222
LCS,Evil Geniuses.NA,Svenskeren,Jungle,7,5,3.33,3.42,6.92,3,217.25,6.16,12200.0,346,0.196,0.672,0.21899999999999997
LCS,Immortals,Xerxe,Jungle,5,7,2.58,1.67,5,4.55,210.58,6.3,11400.0,340,0.19699999999999998,0.7,0.23800000000000002
LCS,FlyQuest,Josedeodo,Jungle,4,8,2.83,2.42,5.33,3.38,224.75,6.68,11800.0,352,0.20600000000000002,0.685,0.23800000000000002
LCS,Golden Guardians,Iconic,Jungle,2,10,1.33,2.17,2.75,1.88,241.42,6.98,11500.0,332,0.20199999999999999,0.598,0.195
LCS,Counter Logic Gaming,Broxah,Jungle,1,5,1.83,3,5.83,2.56,202.33,5.37,11600.0,309,0.184,0.6970000000000001,0.16699999999999998
LCS,Counter Logic Gaming,Griffin,Jungle,1,5,2.17,3,5.83,2.67,212.33,5.93,11800.0,329,0.191,0.64,0.17300000000000001
LPL,EStar (Chinese Team),ShiauC,Support,7,21,1.04,4.18,6.64,1.84,41.61,1.37,7000.0,230,0.133,0.672,0.091
LPL,Victory Five,ppgod,Support,12,13,0.56,3.36,7.96,2.54,34.72,1.19,6800.0,233,0.131,0.6940000000000001,0.046
LPL,Royal Never Give Up,Ming,Support,19,5,0.71,2.58,11.46,4.71,38.29,1.17,8000.0,245,0.129,0.7390000000000001,0.043
LPL,Team WE,Missing,Support,16,8,1.08,3.5,8.21,2.65,38.17,1.25,7600.0,250,0.133,0.616,0.07200000000000001
LPL,EStar (Chinese Team),irma,Mid,7,19,2.35,2.81,6.08,3,249.46,8.32,11300.0,376,0.218,0.73,0.203
LPL,ThunderTalk Gaming,Teeen,Support,7,17,0.46,3.67,7.13,2.07,37.96,1.17,7300.0,225,0.129,0.7190000000000001,0.043
LPL,Oh My God,COLD,Support,5,19,0.54,3.75,5.71,1.67,35.33,1.17,6700.0,221,0.132,0.679,0.059000000000000004
LPL,Victory Five,Mole,Mid,12,13,3.08,2.44,5.2,3.39,248.88,8.52,11600.0,397,0.223,0.674,0.251
LPL,Bilibili Gaming,Zeka,Mid,11,14,2.56,1.76,6.08,4.91,270.76,8.28,12700.0,387,0.217,0.713,0.21100000000000002
LPL,Royal Never Give Up,Cryin,Mid,19,5,3.21,1.88,8.5,6.24,286.79,8.77,13600.0,414,0.218,0.711,0.195
LPL,FunPlus Phoenix,Crisp,Support,17,6,0.74,2.65,10.35,4.18,32.83,1.1,7300.0,246,0.127,0.691,0.046
LPL,JD Gaming,LvMao,Support,14,9,0.87,4.04,9.09,2.46,34.96,1.11,7300.0,233,0.127,0.7070000000000001,0.062
LPL,EDward Gaming,Meiko,Support,18,4,1.09,2.77,10.05,4.02,33.82,1.02,8100.0,244,0.13,0.7340000000000001,0.07200000000000001
LPL,Invictus Gaming,Rookie,Mid,14,10,2.88,2.29,7.46,4.51,240.58,8.07,11700.0,391,0.212,0.687,0.191
LPL,Oh My God,Wuming,Mid,5,19,1.79,3.13,4.58,2.04,235.38,7.81,10600.0,352,0.21,0.6920000000000001,0.195
LPL,Rogue Warriors,Forge,Mid,3,21,1.5,3.67,4.42,1.61,239.38,7.91,10700.0,355,0.218,0.67,0.17
LPL,Rare Atom,Hang,Support,14,8,1.14,2.64,8.64,3.71,40.09,1.2,8000.0,240,0.129,0.7340000000000001,0.085
LPL,LNG Esports,Iwandy,Support,10,12,0.45,2.41,7.82,3.43,35.5,1.12,7200.0,227,0.128,0.703,0.039
LPL,Suning,ON,Support,11,10,0.67,2.9,7.1,2.67,35.76,1.09,7400.0,225,0.125,0.5820000000000001,0.05
LPL,FunPlus Phoenix,Doinb,Mid,17,6,2.96,2.17,7.61,4.86,258.61,8.68,12500.0,419,0.215,0.659,0.184
LPL,EDward Gaming,Scout,Mid,18,4,3.68,1.86,6.36,5.39,292.27,8.83,13600.0,412,0.21899999999999997,0.662,0.243
LPL,Team WE,Shanks,Mid,16,6,2.95,2,7.27,5.11,261.91,8.67,12300.0,408,0.215,0.664,0.192
LPL,Top Esports,Zhuo,Support,13,6,0.63,2.21,10.16,4.88,41.68,1.43,7300.0,248,0.128,0.647,0.038
LPL,Bilibili Gaming,Mark,Support,8,9,0.41,3.18,8.06,2.67,39.88,1.19,7700.0,232,0.128,0.6609999999999999,0.032
LPL,Invictus Gaming,Baolan,Support,7,6,0.92,3.46,8.62,2.76,35.15,1.21,7000.0,240,0.13,0.614,0.059000000000000004
LPL,Rare Atom,FoFo,Mid,14,8,3,1.55,6.27,6,301.95,9.03,13700.0,410,0.222,0.696,0.225
LPL,LNG Esports,icon,Mid,10,12,3.05,2.32,5.77,3.8,275.27,8.65,12400.0,389,0.22,0.7490000000000001,0.259
LPL,Invictus Gaming,Lucas,Support,7,4,0.55,2.55,8.82,3.68,34.64,1.13,7200.0,235,0.128,0.648,0.038
LPL,Rogue Warriors,QiuQiu,Support,2,8,0.8,5.3,6.5,1.38,37.9,1.19,7000.0,220,0.132,0.6579999999999999,0.07200000000000001
LPL,JD Gaming,Yagao,Mid,14,7,3.29,1.95,5.95,4.73,268.81,8.48,12900.0,406,0.21899999999999997,0.62,0.22
LPL,Suning,Angel,Mid,11,10,2.76,1.62,6,5.41,291.86,8.93,13000.0,399,0.221,0.657,0.207
LPL,Top Esports,knight,Mid,13,6,4.21,1.47,6.47,7.25,262.74,8.99,12500.0,429,0.222,0.64,0.252
LPL,LGD Gaming,Chance,Support,3,6,0.22,3.89,5.67,1.51,40.11,1.29,7000.0,225,0.13,0.624,0.024
LPL,LGD Gaming,Peace,Support,2,7,0.78,2.33,5.22,2.57,33.22,1.09,6900.0,227,0.135,0.75,0.09699999999999999
LPL,Bilibili Gaming,Jwei,Support,3,5,0.75,5.13,5.13,1.15,32.13,1.03,6800.0,218,0.126,0.5529999999999999,0.071
LPL,EStar (Chinese Team),zs,Top,7,21,1.79,2.46,4.75,2.65,231.89,7.65,10900.0,359,0.20800000000000002,0.5720000000000001,0.156
LPL,EStar (Chinese Team),rat,Bot,7,21,3.68,2.96,4.21,2.66,272.43,8.99,12600.0,414,0.24,0.691,0.322
LPL,ThunderTalk Gaming,Twila,Mid,6,13,2.42,2.53,4.84,2.88,272.74,8.45,12300.0,381,0.215,0.611,0.204
LPL,LGD Gaming,Uniboy,Mid,5,13,2.06,2.44,4,2.48,258.22,8.38,11500.0,373,0.21899999999999997,0.6940000000000001,0.23600000000000002
LPL,ThunderTalk Gaming,Captain,Mid,1,4,0.8,3,2.6,1.13,266,8.16,11700.0,360,0.22,0.63,0.14800000000000002
LPL,Rogue Warriors,kaixuan,Support,1,6,0.57,4,4.14,1.18,27.71,0.86,6800.0,209,0.126,0.579,0.07
LPL,Rogue Warriors,Reheal,Support,0,7,0.29,5.14,4,0.83,34,1.31,5400.0,209,0.135,0.682,0.045
LPL,Bilibili Gaming,Biubiu,Top,11,14,2.72,4.2,5.4,1.93,244.84,7.48,12200.0,372,0.209,0.67,0.22399999999999998
LPL,Royal Never Give Up,Xiaohu,Top,19,5,2.92,2.38,8.17,4.67,267.92,8.19,13300.0,406,0.214,0.6729999999999999,0.177
LPL,Team WE,Breathe,Top,16,8,2.71,1.42,6.58,6.56,248.13,8.14,12200.0,400,0.212,0.616,0.18
LPL,Bilibili Gaming,Aiming,Bot,11,14,3.4,2.76,3.92,2.65,306.56,9.37,13900.0,426,0.239,0.604,0.281
LPL,Royal Never Give Up,GALA,Bot,19,5,6.08,1.58,5.96,7.61,339.17,10.37,15800.0,482,0.254,0.732,0.37
LPL,Team WE,Jiumeng,Bot,16,8,4.58,2.13,5.54,4.76,288.42,9.46,13800.0,452,0.24,0.6709999999999999,0.304
LPL,EStar (Chinese Team),Insulator,Mid,0,2,1.5,3,2,1.17,293,8.46,12500.0,361,0.212,0.35,0.15
LPL,JD Gaming,Xiye,Mid,0,2,2,4,2,1,216.5,7.75,9800.0,349,0.22399999999999998,0.727,0.364
LPL,Team WE,Yimeng,Mid,0,2,3,4.5,6.5,2.11,251,7.5,11900.0,356,0.212,0.826,0.261
LPL,EStar (Chinese Team),H4cker,Jungle,7,21,2.64,2.29,5.32,3.48,193,6.37,10500.0,348,0.201,0.6970000000000001,0.231
LPL,Invictus Gaming,TheShy,Top,14,10,2.46,3.21,5.58,2.51,236.58,7.94,11500.0,387,0.21,0.535,0.163
LPL,ThunderTalk Gaming,Chelizi,Top,7,17,2.04,2.67,4.25,2.36,261.83,8.1,12100.0,375,0.215,0.597,0.19399999999999998
LPL,Rogue Warriors,Ziv,Top,3,21,1.25,3.08,3.83,1.65,215.17,7.11,9900.0,328,0.201,0.575,0.142
LPL,ThunderTalk Gaming,SamD,Bot,7,17,3.38,3.42,4,2.16,316.63,9.79,14000.0,433,0.248,0.7,0.32
LPL,Oh My God,Eric,Bot,5,19,3.17,2.96,3.08,2.11,282.54,9.37,12500.0,414,0.247,0.679,0.344
LPL,FunPlus Phoenix,Lwx,Bot,17,6,5.43,1.83,5.48,5.98,289.57,9.72,14100.0,472,0.243,0.68,0.33899999999999997
LPL,Victory Five,Weiwei,Jungle,12,13,3.24,2.52,6.16,3.73,184.6,6.32,10700.0,365,0.205,0.765,0.264
LPL,Bilibili Gaming,Meteor,Jungle,11,14,2.92,1.68,4.88,4.64,229.28,7.01,12100.0,371,0.20800000000000002,0.644,0.24100000000000002
LPL,FunPlus Phoenix,Nuguri,Top,17,6,2.26,2.48,6,3.33,254.09,8.53,12300.0,413,0.212,0.515,0.141
LPL,JD Gaming,Zoom,Top,14,9,2.52,2.52,5.35,3.12,264.74,8.44,12400.0,394,0.215,0.5589999999999999,0.179
LPL,JD Gaming,LokeN,Bot,14,9,4.04,2.26,5.87,4.38,292.17,9.31,13600.0,434,0.237,0.7040000000000001,0.287
LPL,EDward Gaming,Viper,Bot,18,4,5.41,1.77,5.18,5.97,343.45,10.38,15700.0,475,0.252,0.698,0.35600000000000004
LPL,Rare Atom,iBoy,Bot,14,8,3.64,2.32,5.41,3.9,330.14,9.87,15000.0,448,0.242,0.679,0.273
LPL,Royal Never Give Up,Wei,Jungle,19,5,3.54,2.5,8.08,4.65,180.04,5.51,11500.0,352,0.185,0.706,0.215
LPL,Team WE,beishang,Jungle,16,8,3.75,1.67,6.42,6.1,200.79,6.59,11500.0,378,0.201,0.674,0.249
LPL,Invictus Gaming,XUN,Jungle,14,10,4.79,2.67,6.08,4.08,189.79,6.37,11400.0,383,0.20800000000000002,0.723,0.319
LPL,EDward Gaming,Flandre,Top,18,4,2.77,1.64,6.05,5.39,280.45,8.47,13500.0,407,0.21600000000000003,0.581,0.183
LPL,Rare Atom,Cube,Top,14,8,2.32,2.18,4.55,3.15,275.77,8.24,12700.0,380,0.205,0.515,0.174
LPL,Suning,Bin,Top,11,10,3,2.24,5.52,3.81,262.24,8.03,13000.0,397,0.22,0.639,0.225
LPL,LNG Esports,Light,Bot,10,12,4.36,1.95,4.23,4.4,314.59,9.88,14200.0,447,0.252,0.73,0.371
LPL,Suning,huanfeng,Bot,11,10,4.81,1.38,4.48,6.72,333.24,10.2,14900.0,456,0.252,0.696,0.361
LPL,Top Esports,JackeyLove,Bot,13,6,6.21,2.32,5.47,5.05,280.11,9.58,14200.0,487,0.252,0.7,0.37200000000000005
LPL,Oh My God,Aki,Jungle,5,19,2.04,2.67,4.08,2.3,188.79,6.26,10000.0,333,0.198,0.665,0.222
LPL,Rogue Warriors,Haro,Jungle,3,21,3.21,3.42,3.33,1.91,190.08,6.28,10600.0,352,0.21600000000000003,0.741,0.363
LPL,JD Gaming,Kanavi,Jungle,14,9,3.48,2.57,6.35,3.83,207.26,6.61,11600.0,371,0.20199999999999999,0.698,0.247
LPL,Top Esports,369,Top,13,6,2.53,2.37,5.68,3.47,239.89,8.21,11600.0,398,0.20600000000000002,0.49200000000000005,0.151
LPL,Victory Five,LANGX,Top,9,9,1.17,2.17,5.33,3,239,8.11,10900.0,369,0.209,0.565,0.10099999999999999
LPL,LGD Gaming,Cult,Top,5,13,1.28,2.67,3.78,1.9,242.72,7.88,10900.0,353,0.20800000000000002,0.58,0.146
LPL,Invictus Gaming,Wink,Bot,10,8,3.83,1.83,6.17,5.45,278.17,9.45,13000.0,443,0.239,0.6409999999999999,0.24600000000000002
LPL,Victory Five,y4,Bot,6,9,3.87,2,4.87,4.37,271.67,8.91,12800.0,419,0.237,0.679,0.301
LPL,LGD Gaming,Kramer,Bot,4,9,3.15,2.23,3.08,2.79,306.23,9.85,13500.0,434,0.256,0.7040000000000001,0.35700000000000004
LPL,EDward Gaming,Jiejie,Jungle,18,4,2.23,1.86,7.55,5.24,200.32,6.05,11400.0,345,0.183,0.644,0.147
LPL,LNG Esports,Tarzan,Jungle,10,12,2.55,1.95,5.27,4,202.32,6.36,11000.0,347,0.196,0.664,0.21600000000000003
LPL,Suning,SofM,Jungle,11,10,2.1,2.38,6,3.4,195.1,5.97,10800.0,329,0.182,0.607,0.157
LPL,Oh My God,New,Top,5,11,1.69,2.88,3.94,1.96,241.31,7.87,11300.0,367,0.214,0.536,0.161
LPL,LNG Esports,M1kuya,Top,8,7,1.27,2.4,5,2.61,248.73,7.82,11400.0,359,0.2,0.511,0.10300000000000001
LPL,LNG Esports,Ale,Top,2,5,1.57,3,5.14,2.24,254.14,7.97,11700.0,366,0.213,0.627,0.147
LPL,Victory Five,Trigger,Bot,6,4,3.9,2,3.6,3.75,253.5,9.29,11600.0,426,0.23600000000000002,0.6579999999999999,0.342
LPL,Rogue Warriors,Michi,Bot,0,10,2,2.9,3.3,1.83,238.6,8.46,10400.0,368,0.23,0.639,0.24100000000000002
LPL,Rogue Warriors,Betty,Bot,1,6,2.29,2.29,3.57,2.56,292.29,9.04,12700.0,393,0.237,0.7190000000000001,0.281
LPL,Top Esports,Karsa,Jungle,13,6,3.11,2,7.05,5.08,185.79,6.36,10900.0,372,0.192,0.609,0.18600000000000003
LPL,Rare Atom,Leyan,Jungle,12,6,3.67,3.11,5.17,2.84,240.28,7.15,12800.0,380,0.203,0.626,0.26
LPL,ThunderTalk Gaming,Xiaopeng,Jungle,6,11,3.24,3.06,5.59,2.88,192.65,5.86,11500.0,349,0.19399999999999998,0.698,0.256
LPL,Victory Five,Aodi,Top,3,3,2.33,3,7.17,3.17,190.83,6.91,9800.0,354,0.19399999999999998,0.6709999999999999,0.165
LPL,Oh My God,Alielie,Top,0,6,1.33,5.17,2,0.65,207.17,7.78,9300.0,348,0.22399999999999998,0.741,0.29600000000000004
LPL,Oh My God,Bright,Top,0,2,2.5,2.5,5.5,3.2,235,6.43,11800.0,323,0.19,0.615,0.192
LPL,Invictus Gaming,Puff,Bot,4,2,5.17,1.67,4.67,5.9,312.33,10.1,14100.0,455,0.251,0.738,0.38799999999999996
LPL,Rogue Warriors,kelin,Bot,2,3,3.4,3.8,6,2.47,284.4,8.54,13900.0,418,0.244,0.7340000000000001,0.266
LPL,LGD Gaming,Kui,Jungle,4,12,1.63,3.06,3.38,1.63,184.13,6.02,9800.0,321,0.18899999999999997,0.58,0.188
LPL,FunPlus Phoenix,Bo,Jungle,10,0,6.8,2.4,6.2,5.42,218.5,7.58,13000.0,451,0.21899999999999997,0.688,0.36
LPL,Victory Five,Invincible,Top,0,1,3,6,6,1.5,248,7.33,12600.0,372,0.20600000000000002,0.6,0.2
LPL,LGD Gaming,Garvey,Bot,1,4,3.8,3.8,2.2,1.58,267.8,8.9,12500.0,416,0.242,0.7140000000000001,0.452
LPL,Rogue Warriors,QiuQiu,Bot,0,2,1,3,1,0.67,187.5,7.34,8000.0,312,0.214,0.5,0.25
LPL,FunPlus Phoenix,Tian,Jungle,5,4,3.22,2.44,5.44,3.55,176.56,5.74,10500.0,343,0.185,0.629,0.23399999999999999
LPL,ThunderTalk Gaming,bless,Jungle,1,6,1,3,2.29,1.1,189.86,6.12,9400.0,303,0.188,0.605,0.184
LPL,Rare Atom,Aix,Jungle,2,2,1.25,2.5,5,2.5,216.75,6.63,11300.0,346,0.19699999999999998,0.6409999999999999,0.128
LPL,FunPlus Phoenix,Beichuan,Jungle,2,2,2.5,2.5,7,3.8,223.75,7.44,11200.0,371,0.198,0.679,0.179
LPL,LGD Gaming,Flora,Jungle,1,1,1,2.5,6,2.8,193.5,5.96,10500.0,322,0.185,0.737,0.105
